,precision,recall,f1-score,support
Negative,0.9790209790209791,0.9833187006145742,0.9811651335961454,1139.0
Positive,0.9814814814814815,0.9714867617107943,0.9764585465711362,982.0
Neutral,0.9849624060150376,0.9974619289340102,0.9911727616645649,394.0
accuracy,0.9809145129224652,0.9809145129224652,0.9809145129224652,0.9809145129224652
macro avg,0.9818216221724994,0.9840891304197928,0.9829321472772822,2515.0
weighted avg,0.9809124842503517,0.9809145129224652,0.9808952079501806,2515.0
